x1,x2,Funcao objetivo, Iteracoes
-5.923271218264967E-12,-3.0450348718589314E-9,0.0,859
